﻿<?xml version="1.0" encoding="utf-8"?>
<doc>
  <assembly>
    <name>Atalasoft.dotImage.AdvancedDocClean</name>
  </assembly>
  <members>
    <member name="T:Atalasoft.Imaging.ImageProcessing.Document.IProcessSpeedConfig">
      <summary>Interface that when applied to a class is used to control the sampling factor useful in improving performance possibly at the expense of accuracy.</summary>
    </member>
    <member name="P:Atalasoft.Imaging.ImageProcessing.Document.IProcessSpeedConfig.SpeedFactor">
      <summary>Gets or sets the sample size of the image to process, affecting quality and speed.</summary>
    </member>
    <member name="T:Atalasoft.Imaging.ImageProcessing.Document.BinarizeMethod">
      <summary>Lists the supported binarization methods used in the <c>BinarizeCommand</c></summary>
    </member>
    <member name="F:Atalasoft.Imaging.ImageProcessing.Document.BinarizeMethod.DynamicThreshold">
      <summary>Dynamically adapts to surrounding pixels, highlights subtle changes in intensity. More faithful to large dark areas.</summary>
    </member>
    <member name="F:Atalasoft.Imaging.ImageProcessing.Document.BinarizeMethod.AdaptiveThreshold">
      <summary>Adapts to surrounding pixels, highlights subtle changes in intensity. Most forgiving thresholding method but can produce noisy images.</summary>
    </member>
    <member name="F:Atalasoft.Imaging.ImageProcessing.Document.BinarizeMethod.GlobalThreshold">
      <summary>Threshold level determined from entire image. Useful for removing shaded regions, but could remove light colored content such as watermarks.</summary>
    </member>
    <member name="F:Atalasoft.Imaging.ImageProcessing.Document.BinarizeMethod.SimpleThreshold">
      <summary>Simple, fast thresholding with level determined by user.</summary>
    </member>
    <member name="T:Atalasoft.Imaging.ImageProcessing.Document.ImageEdges">
      <summary>Indicates the edge of the image to inspect for commands such as <c>HolePunchRemovalCommand</c>.</summary>
    </member>
    <member name="F:Atalasoft.Imaging.ImageProcessing.Document.ImageEdges.Bottom">
      <summary>Bottom of the image</summary>
    </member>
    <member name="F:Atalasoft.Imaging.ImageProcessing.Document.ImageEdges.Top">
      <summary>Top of the image</summary>
    </member>
    <member name="F:Atalasoft.Imaging.ImageProcessing.Document.ImageEdges.Right">
      <summary>Right side of the image</summary>
    </member>
    <member name="F:Atalasoft.Imaging.ImageProcessing.Document.ImageEdges.Left">
      <summary>Left side of the image</summary>
    </member>
    <member name="T:Atalasoft.Imaging.ImageProcessing.Document.LineOrientations">
      <summary>Controls the Line Orientation used in <c>LineRemovalCommand</c>.</summary>
    </member>
    <member name="F:Atalasoft.Imaging.ImageProcessing.Document.LineOrientations.Orthogonal">
      <summary>Both Horizontal and Vertical. Same as Vertical | Horizontal.</summary>
    </member>
    <member name="F:Atalasoft.Imaging.ImageProcessing.Document.LineOrientations.Vertical">
      <summary>Vertical</summary>
    </member>
    <member name="F:Atalasoft.Imaging.ImageProcessing.Document.LineOrientations.Horizontal">
      <summary>Horizontal</summary>
    </member>
    <member name="F:Atalasoft.Imaging.ImageProcessing.Document.LineOrientations.None">
      <summary>None</summary>
    </member>
    <member name="T:Atalasoft.Imaging.ImageProcessing.Document.RunSpeed">
      <summary>Defines the speed of processing at the expense of quality</summary>
    </member>
    <member name="F:Atalasoft.Imaging.ImageProcessing.Document.RunSpeed.Fastest">
      <summary>Image is sampled by 1/8 for analysis.</summary>
    </member>
    <member name="F:Atalasoft.Imaging.ImageProcessing.Document.RunSpeed.Faster">
      <summary>Image is sampled by 1/4 for analysis.</summary>
    </member>
    <member name="F:Atalasoft.Imaging.ImageProcessing.Document.RunSpeed.Fast">
      <summary>Image is sampled by 1/2 for analysis.</summary>
    </member>
    <member name="F:Atalasoft.Imaging.ImageProcessing.Document.RunSpeed.Normal">
      <summary>No sampling performed.</summary>
    </member>
    <member name="T:Atalasoft.Imaging.ImageProcessing.Document.AdvancedBorderRemovalCommand">
      <summary>Automatically removes black borders from a bi-tonal image using a sophisticated object detection algorithm.</summary>
    </member>
    <member name="T:Atalasoft.Imaging.ImageProcessing.Document.AutoBorderCropCommand">
      <summary>Crops black borders from the edges of a bi-tonal image.</summary>
    </member>
    <member name="T:Atalasoft.Imaging.ImageProcessing.Document.AutoBorderCropResults">
      <summary>Provides custom ImageResults for <c>AutoBorderCropCommand</c>.</summary>
    </member>
    <member name="T:Atalasoft.Imaging.ImageProcessing.Document.AutoInvertTextCommand">
      <summary>
        <para>Automatically inverts regions of text that are inverted (white on black) on a bi-tonal image.</para>
      </summary>
    </member>
    <member name="T:Atalasoft.Imaging.ImageProcessing.Document.AutoNegateCommand">
      <summary>Inspects an bi-tonal image to determine if the image is negated. Will automatically invert the image if <c>InvertWhenWhiteOnBlack</c>.</summary>
    </member>
    <member name="T:Atalasoft.Imaging.ImageProcessing.Document.AutoNegateResults">
      <summary>Provides a custom ImageResults for the <c>AutoNegateCommand</c>.</summary>
    </member>
    <member name="T:Atalasoft.Imaging.ImageProcessing.Document.BinarizeCommand">
      <summary>Converts a grayscale or color image to black and white using one of the available Binarize methods.</summary>
    </member>
    <member name="T:Atalasoft.Imaging.ImageProcessing.Document.BlankPageDetectionCommand">
      <summary>Detect whether a given image (or a region of interest in the image) is blank.</summary>
    </member>
    <member name="T:Atalasoft.Imaging.ImageProcessing.Document.BlankPageDetectionResults">
      <summary>Provides a custom ImageResults for <c>BlankPageDetectionCommand</c>.</summary>
    </member>
    <member name="T:Atalasoft.Imaging.ImageProcessing.Document.BlobRemovalCommand">
      <summary>A generic object removal command for bi-tonal images.</summary>
    </member>
    <member name="T:Atalasoft.Imaging.ImageProcessing.Document.ColorExtractionCommand">
      <summary>This command detects color regions from a color document resulting in an image with grayscale and bi-tonal areas masked with transparent alpha, and
notification if the document contains any color.</summary>
    </member>
    <member name="T:Atalasoft.Imaging.ImageProcessing.Document.ColorExtractionResults">
      <summary>Provides custom ImageResults for <c>ColorExtractionCommand</c>.</summary>
    </member>
    <member name="T:Atalasoft.Imaging.ImageProcessing.Document.HalftoneRemovalCommand">
      <summary>Detects and removes shaded regions from bi-tonal images.</summary>
    </member>
    <member name="T:Atalasoft.Imaging.ImageProcessing.Document.HalftoneRemovalResults">
      <summary>Provides custom ImageResults for <c>HalftoneRemovalCommand</c>.</summary>
    </member>
    <member name="T:Atalasoft.Imaging.ImageProcessing.Document.HolePunch">
      <summary>Represents a single hole punch in an image.</summary>
    </member>
    <member name="T:Atalasoft.Imaging.ImageProcessing.Document.HolePunchCollection">
      <summary>Represents a collection of <c>HolePunch</c> objects.</summary>
    </member>
    <member name="T:Atalasoft.Imaging.ImageProcessing.Document.HolePunchRemovalCommand">
      <summary>Removes circular hole punch artifacts from an image.</summary>
    </member>
    <member name="T:Atalasoft.Imaging.ImageProcessing.Document.HolePunchRemovalResults">
      <summary>Provides custom ImageResults for <c>HolePunchRemovalCommand</c>.</summary>
    </member>
    <member name="T:Atalasoft.Imaging.ImageProcessing.Document.Line">
      <summary>Represents a single line in an image.</summary>
    </member>
    <member name="T:Atalasoft.Imaging.ImageProcessing.Document.LineCollection">
      <summary>Represents a collection of <strong>Line</strong> objects.</summary>
    </member>
    <member name="T:Atalasoft.Imaging.ImageProcessing.Document.LineRemovalResults">
      <summary>Provides custom ImageResults for <c>LineRemovalCommand</c>.</summary>
    </member>
    <member name="T:Atalasoft.Imaging.ImageProcessing.Document.MarginCropCommand">
      <summary>Crops excess white borders from a bi-tonal image.</summary>
    </member>
    <member name="T:Atalasoft.Imaging.ImageProcessing.Document.MarginCropResults">
      <summary>Provides custom ImageResults for <c>MarginCropCommand</c>.</summary>
    </member>
    <member name="T:Atalasoft.Imaging.ImageProcessing.Document.SpeckRemovalCommand">
      <summary>Removes specks of a specified size from a bi-tonal image.</summary>
    </member>
    <member name="P:Atalasoft.Imaging.ImageProcessing.Document.AdvancedBorderRemovalCommand.AutoPropertyConfigurationEnabled">
      <summary>Gets or sets a value indicating if properties in the <c>AdvancedBorderRemovalCommand.PropertiesToAutoConfigure</c> property will be
automatically determined by the command when processed.</summary>
    </member>
    <member name="P:Atalasoft.Imaging.ImageProcessing.Document.AdvancedBorderRemovalCommand.Denoise">
      <summary>When true, will denoise the image prior to detecting the border.</summary>
    </member>
    <member name="P:Atalasoft.Imaging.ImageProcessing.Document.AdvancedBorderRemovalCommand.MaxBorderThickness">
      <summary>Gets or sets the maximum border thickness, in pixels, that will be removed.</summary>
    </member>
    <member name="P:Atalasoft.Imaging.ImageProcessing.Document.AdvancedBorderRemovalCommand.MinBorderThickness">
      <summary>Gets or sets the minimum border thickness, in pixels, that will be removed.</summary>
      <exception caption="" cref=""> Raised when value is less than 1. </exception>
    </member>
    <member name="P:Atalasoft.Imaging.ImageProcessing.Document.AdvancedBorderRemovalCommand.SpeedFactor">
      <summary>Determines the sample size of the image to process, affecting quality and speed.</summary>
    </member>
    <member name="P:Atalasoft.Imaging.ImageProcessing.Document.AdvancedBorderRemovalCommand.SupportedPixelFormats">
      <summary>Gets a list of PixelFormats that this command will support without throwing an exception. This command supports Pixel1bppIndexed only.</summary>
    </member>
    <member name="M:Atalasoft.Imaging.ImageProcessing.Document.AdvancedDocCleanException.GetBaseException">
      <summary>When overridden in a derived class, returns the  that is the root cause of one or more subsequent exceptions.</summary>
      <returns>The first exception thrown in a chain of exceptions. If the  property of the current exception is a null reference (Nothing
in Visual Basic), this property returns the current exception.</returns>
    </member>
    <member name="M:Atalasoft.Imaging.ImageProcessing.Document.AdvancedDocCleanException.GetObjectData(System.Runtime.Serialization.SerializationInfo,System.Runtime.Serialization.StreamingContext)">
      <summary>When overridden in a derived class, sets the  with information about the exception.</summary>
      <param>The  that holds the serialized object data about the exception being thrown.</param>
      <param>The  that contains contextual information about the source or destination.</param>
      <exception caption="" cref="T:System.ArgumentNullException">The %info% parameter is a null reference (Nothing in Visual Basic).</exception>
    </member>
    <member name="M:Atalasoft.Imaging.ImageProcessing.Document.AdvancedDocCleanException.GetType">
      <summary>Gets the runtime type of the current instance.</summary>
      <returns>A  object that represents the exact runtime type of the current instance.</returns>
    </member>
    <member name="P:Atalasoft.Imaging.ImageProcessing.Document.AdvancedDocCleanException.Data">
      <summary>Gets a collection of key/value pairs that provide additional user-defined information about the exception.</summary>
      <returns>An object that implements the  interface and contains a collection of user-defined key/value pairs. The default is an empty
collection.</returns>
    </member>
    <member name="P:Atalasoft.Imaging.ImageProcessing.Document.AdvancedDocCleanException.HelpLink">
      <summary>Gets or sets a link to the help file associated with this exception.</summary>
      <returns>The Uniform Resource Name (URN) or Uniform Resource Locator (URL).</returns>
    </member>
    <member name="P:Atalasoft.Imaging.ImageProcessing.Document.AdvancedDocCleanException.HResult">
      <summary>Gets or sets HRESULT, a coded numerical value that is assigned to a specific exception.</summary>
      <returns>The HRESULT value.</returns>
    </member>
    <member name="P:Atalasoft.Imaging.ImageProcessing.Document.AdvancedDocCleanException.InnerException">
      <summary>Gets the  instance that caused the current exception.</summary>
      <returns>An instance of Exception that describes the error that caused the current exception. The InnerException property returns the same value as was passed into the
constructor, or a null reference (Nothing in Visual Basic) if the inner exception value was not supplied to the constructor. This property is read-only.</returns>
    </member>
    <member name="P:Atalasoft.Imaging.ImageProcessing.Document.AdvancedDocCleanException.Message">
      <summary>Gets a message that describes the current exception.</summary>
      <returns>The error message that explains the reason for the exception, or an empty string("").</returns>
    </member>
    <member name="P:Atalasoft.Imaging.ImageProcessing.Document.AdvancedDocCleanException.Source">
      <summary>Gets or sets the name of the application or the object that causes the error.</summary>
      <returns>The name of the application or the object that causes the error.</returns>
    </member>
    <member name="P:Atalasoft.Imaging.ImageProcessing.Document.AdvancedDocCleanException.StackTrace">
      <summary>Gets a string representation of the frames on the call stack at the time the current exception was thrown.</summary>
      <returns>A string that describes the contents of the call stack, with the most recent method call appearing first.</returns>
    </member>
    <member name="P:Atalasoft.Imaging.ImageProcessing.Document.AdvancedDocCleanException.TargetSite">
      <summary>Gets the method that throws the current exception.</summary>
      <returns>The  that threw the current exception.</returns>
    </member>
    <member name="P:Atalasoft.Imaging.ImageProcessing.Document.AutoBorderCropCommand.BorderNoiseTolerance">
      <summary>
        <para>The acceptable percentage of white pixel "noise" within the black border area.</para>
      </summary>
      <exception caption="" cref=""> Thrown when value is less than 0 or greater than 1. </exception>
    </member>
    <member name="P:Atalasoft.Imaging.ImageProcessing.Document.AutoBorderCropCommand.BorderStreakTolerance">
      <summary>
        <para>The acceptable percentage of white streaks within the black border area.</para>
      </summary>
      <exception caption="" cref=""> Thrown when value is less than 0 or greater than 1. </exception>
    </member>
    <member name="P:Atalasoft.Imaging.ImageProcessing.Document.AutoBorderCropCommand.MaxBorderThickness">
      <summary>Gets or sets the maximum border thickness, in pixels, that will be removed.</summary>
      <exception caption="" cref=""> Thrown when value is less than 1. </exception>
    </member>
    <member name="P:Atalasoft.Imaging.ImageProcessing.Document.AutoBorderCropCommand.MaxBoundaryWhitespace">
      <summary>The maximum amount of white space in pixels from the edge of the image to the start of the border.</summary>
      <exception caption="" cref=""> Thrown when value is less than 0. </exception>
    </member>
    <member name="P:Atalasoft.Imaging.ImageProcessing.Document.AutoBorderCropCommand.SpeedFactor">
      <summary>Determines the sample size of the image to process, affecting quality and speed.</summary>
    </member>
    <member name="P:Atalasoft.Imaging.ImageProcessing.Document.AutoBorderCropCommand.SupportedPixelFormats">
      <summary>Gets a list of PixelFormats that this command will support without throwing an exception. This command supports Pixel1bppIndexed only.</summary>
    </member>
    <member name="P:Atalasoft.Imaging.ImageProcessing.Document.AutoBorderCropResults.BorderRectangle">
      <summary>Gets the rectangular coordinates of the detected border.</summary>
    </member>
    <member name="P:Atalasoft.Imaging.ImageProcessing.Document.AutoInvertTextCommand.AutoPropertyConfigurationEnabled">
      <summary>Gets or sets a value indicating if properties in the <c>PropertiesToAutoConfigure</c> property will be automatically determined by the
command when processed.</summary>
    </member>
    <member name="P:Atalasoft.Imaging.ImageProcessing.Document.AutoInvertTextCommand.InvertedRegionSizeMaximum">
      <summary>Maximum size in pixels of the inverted text region.</summary>
    </member>
    <member name="P:Atalasoft.Imaging.ImageProcessing.Document.AutoInvertTextCommand.InvertedRegionSizeMinimum">
      <summary>Minimum size limit of of inverted text region in pixels.</summary>
    </member>
    <member name="P:Atalasoft.Imaging.ImageProcessing.Document.AutoInvertTextCommand.PropertiesToAutoConfigure">
      <summary>Gets a collection of property names that will be auto configured when <c>AutoPropertyConfigurationEnabled</c> is true.</summary>
    </member>
    <member name="P:Atalasoft.Imaging.ImageProcessing.Document.AutoInvertTextCommand.SupportedPixelFormats">
      <summary>Gets a list of PixelFormats that this command will support without throwing an exception. This command supports Pixel1bppIndexed only.</summary>
    </member>
    <member name="P:Atalasoft.Imaging.ImageProcessing.Document.AutoNegateCommand.InPlaceProcessing">
      <summary>Returns true because this command will process the image in-place and not allocate a new block of memory.</summary>
    </member>
    <member name="P:Atalasoft.Imaging.ImageProcessing.Document.AutoNegateCommand.InvertWhenWhiteOnBlack">
      <summary>When true will automatically invert the image when the resulting IsInverted property is true.</summary>
    </member>
    <member name="P:Atalasoft.Imaging.ImageProcessing.Document.AutoNegateCommand.SpeedFactor">
      <summary>Determines the sample size of the image to process, affecting quality and speed.</summary>
    </member>
    <member name="P:Atalasoft.Imaging.ImageProcessing.Document.AutoNegateCommand.SupportedPixelFormats">
      <summary>Gets a list of PixelFormats that this command will support without throwing an exception. This command supports Pixel1bppIndexed only.</summary>
    </member>
    <member name="P:Atalasoft.Imaging.ImageProcessing.Document.AutoNegateResults.IsInverted">
      <summary>Gets a value indicating if the given image is inverted (White on Black).</summary>
    </member>
    <member name="P:Atalasoft.Imaging.ImageProcessing.Document.BinarizeCommand.BinarizationMethod">
      <summary>Gets or sets a value indicating the type of binarization to use.</summary>
    </member>
    <member name="P:Atalasoft.Imaging.ImageProcessing.Document.BinarizeCommand.BlackGrouping">
      <summary>A percentile indication of how tightly grouped black pixels need to be.</summary>
    </member>
    <member name="P:Atalasoft.Imaging.ImageProcessing.Document.BinarizeCommand.InitialThreshold">
      <summary>Gets or sets the seed threshold value to use for GlobalThreshold and the actual threshold value to use for SimpleThreshold methods.</summary>
      <exception caption="" cref=""> Throws when value is less than 1 or greater than 255. </exception>
    </member>
    <member name="P:Atalasoft.Imaging.ImageProcessing.Document.BinarizeCommand.SupportedPixelFormats">
      <summary>Gets a list of PixelFormats that this command will support without throwing an exception. This command supports all continuous tone pixel formats.</summary>
    </member>
    <member name="P:Atalasoft.Imaging.ImageProcessing.Document.BinarizeCommand.ThresholdDifferencing">
      <summary>Gets or sets the thresholding differencing used for the AdaptiveThreshold method.</summary>
      <exception caption="" cref=""> Throws when value is less than 1 or greater than 255. </exception>
    </member>
    <member name="P:Atalasoft.Imaging.ImageProcessing.Document.BlankPageDetectionCommand.Denoise">
      <summary>Will remove noise in the image prior to detecting blank page when true.</summary>
    </member>
    <member name="P:Atalasoft.Imaging.ImageProcessing.Document.BlankPageDetectionCommand.InPlaceProcessing">
      <summary>Returns true because this command doesn't actually return a new image, just returns the source image.</summary>
    </member>
    <member name="P:Atalasoft.Imaging.ImageProcessing.Document.BlankPageDetectionCommand.MinObjectSize">
      <summary>
        <para>Objects that are smaller than this size will be ignored when detecting blank pages.</para>
      </summary>
    </member>
    <member name="P:Atalasoft.Imaging.ImageProcessing.Document.BlankPageDetectionCommand.RemoveBorder">
      <summary>Will remove black borders in the image prior to detecting blank page when true.</summary>
    </member>
    <member name="P:Atalasoft.Imaging.ImageProcessing.Document.BlankPageDetectionCommand.SpeedFactor">
      <summary>Determines the sample size of the image to process, affecting quality and speed.</summary>
    </member>
    <member name="P:Atalasoft.Imaging.ImageProcessing.Document.BlankPageDetectionCommand.SupportedPixelFormats">
      <summary>Gets a list of PixelFormats that this command will support without throwing an exception. This command supports Pixel1bppIndexed only.</summary>
    </member>
    <member name="P:Atalasoft.Imaging.ImageProcessing.Document.BlankPageDetectionResults.IsImageBlank">
      <summary>Gets a value that when true indicates the image (or region of interest of the image) is blank as a result of <c>BlankPageDetectionCommand</c>.</summary>
    </member>
    <member name="P:Atalasoft.Imaging.ImageProcessing.Document.BlobRemovalCommand.MinObjectSize">
      <summary>Minimum size of the object to remove.</summary>
    </member>
    <member name="P:Atalasoft.Imaging.ImageProcessing.Document.BlobRemovalCommand.SpeedFactor">
      <summary>Determines the sample size of the image to process, affecting quality and speed.</summary>
    </member>
    <member name="P:Atalasoft.Imaging.ImageProcessing.Document.BlobRemovalCommand.SupportedPixelFormats">
      <summary>Gets a list of PixelFormats that this command will support without throwing an exception. This command supports Pixel1bppIndexed only.</summary>
    </member>
    <member name="P:Atalasoft.Imaging.ImageProcessing.Document.ColorExtractionCommand.DetectColorMarkings">
      <summary>When true, color markings will be detected.</summary>
    </member>
    <member name="P:Atalasoft.Imaging.ImageProcessing.Document.ColorExtractionCommand.DetectPhotos">
      <summary>When true, color and gray photos will be detected.</summary>
    </member>
    <member name="P:Atalasoft.Imaging.ImageProcessing.Document.ColorExtractionCommand.GrayscaleSaturation">
      <summary>This value controls the saturation threshold where a saturation less than the given value will be regarded as gray.</summary>
    </member>
    <member name="P:Atalasoft.Imaging.ImageProcessing.Document.ColorExtractionCommand.GrayscaleTolerance">
      <summary>This value controls the amount in percent that any given pixel color is off of pure gray.</summary>
    </member>
    <member name="P:Atalasoft.Imaging.ImageProcessing.Document.ColorExtractionCommand.MinMarkingSize">
      <summary>Minimum size limit of color markings in pixels.</summary>
    </member>
    <member name="P:Atalasoft.Imaging.ImageProcessing.Document.ColorExtractionCommand.MinPhotoSize">
      <summary>Minimum size limit of photo regions in pixels.</summary>
    </member>
    <member name="P:Atalasoft.Imaging.ImageProcessing.Document.ColorExtractionCommand.SpeedFactor">
      <summary>Determines the sample size of the image to process, affecting quality and speed.</summary>
    </member>
    <member name="P:Atalasoft.Imaging.ImageProcessing.Document.ColorExtractionCommand.SupportedPixelFormats">
      <summary>Gets a list of PixelFormats that this command will support without throwing an exception. This command supports color images only.</summary>
    </member>
    <member name="P:Atalasoft.Imaging.ImageProcessing.Document.ColorExtractionCommand.VisualActivityThreshold">
      <summary>Controls the percentage of entropy threshold that factors in the photo detection algoithm.</summary>
    </member>
    <member name="P:Atalasoft.Imaging.ImageProcessing.Document.ColorExtractionCommand.VisualActivityWindowSize">
      <summary>Specifies the masking window for estimating visual color activity used in photo region detection.</summary>
    </member>
    <member name="P:Atalasoft.Imaging.ImageProcessing.Document.ColorExtractionResults.HasColor">
      <summary>Gets a value specifiying if the source image contains color.</summary>
    </member>
    <member name="M:Atalasoft.Imaging.ImageProcessing.Document.HalftoneCollection.GetEnumerator">
      <summary>Returns an enumerator that iterates through the  instance.</summary>
      <returns>An  for the <see cref="T:System.Collections.ReadOnlyCollectionBase" /> instance.</returns>
    </member>
    <member name="P:Atalasoft.Imaging.ImageProcessing.Document.HalftoneCollection.Count">
      <summary>Gets the number of elements contained in the  instance.</summary>
      <returns>The number of elements contained in the  instance. Retrieving the value of this property is an O(1) operation.</returns>
    </member>
    <member name="P:Atalasoft.Imaging.ImageProcessing.Document.HalftoneCollection.InnerList">
      <summary>Gets the list of elements contained in the  instance.</summary>
      <returns>An  representing the <see cref="T:System.Collections.ReadOnlyCollectionBase" /> instance itself.</returns>
    </member>
    <member name="P:Atalasoft.Imaging.ImageProcessing.Document.HalftoneRemovalCommand.MinRegionSize">
      <summary>The minimum region size that will be detected as halftone.</summary>
    </member>
    <member name="P:Atalasoft.Imaging.ImageProcessing.Document.HalftoneRemovalCommand.SpeedFactor">
      <summary>Determines the sample size of the image to process, affecting quality and speed.</summary>
    </member>
    <member name="P:Atalasoft.Imaging.ImageProcessing.Document.HalftoneRemovalCommand.SupportedPixelFormats">
      <summary>Gets a list of PixelFormats that this command will support without throwing an exception. This command supports Pixel1bppIndexed only.</summary>
    </member>
    <member name="P:Atalasoft.Imaging.ImageProcessing.Document.HalftoneRemovalResults.Halftones">
      <summary>Gets a collection of <strong>Halftone</strong> objects that are located in the applied image.</summary>
    </member>
    <member name="P:Atalasoft.Imaging.ImageProcessing.Document.HolePunch.Bounds">
      <summary>Gets the rectangular boundary of the hole punch.</summary>
    </member>
    <member name="M:Atalasoft.Imaging.ImageProcessing.Document.HolePunchCollection.Add(Atalasoft.Imaging.ImageProcessing.Document.HolePunch)">
      <summary>Adds a new <strong>HolePunch</strong> object to the collection.</summary>
    </member>
    <member name="M:Atalasoft.Imaging.ImageProcessing.Document.HolePunchCollection.GetEnumerator">
      <summary>Returns an enumerator that iterates through the  instance.</summary>
      <returns>An  for the <see cref="T:System.Collections.ReadOnlyCollectionBase" /> instance.</returns>
    </member>
    <member name="M:Atalasoft.Imaging.ImageProcessing.Document.HolePunchCollection.IndexOf(Atalasoft.Imaging.ImageProcessing.Document.HolePunch)">
      <summary>Searches the collection for the specified <strong>HolePunch</strong> object and returns the index in the array, or -1 if it's not found.</summary>
    </member>
    <member name="M:Atalasoft.Imaging.ImageProcessing.Document.HolePunchCollection.Insert(System.Int32,Atalasoft.Imaging.ImageProcessing.Document.HolePunch)">
      <summary>Inserts a <strong>HolePunch</strong> object in at the specifed index in the collection.</summary>
    </member>
    <member name="M:Atalasoft.Imaging.ImageProcessing.Document.HolePunchCollection.Remove(Atalasoft.Imaging.ImageProcessing.Document.HolePunch)">
      <summary>Removes the specified <strong>HolePunch</strong> object from the collection.</summary>
    </member>
    <member name="P:Atalasoft.Imaging.ImageProcessing.Document.HolePunchCollection.Count">
      <summary>Gets the number of elements contained in the  instance.</summary>
      <returns>The number of elements contained in the  instance. Retrieving the value of this property is an O(1) operation.</returns>
    </member>
    <member name="P:Atalasoft.Imaging.ImageProcessing.Document.HolePunchCollection.InnerList">
      <summary>Gets the list of elements contained in the  instance.</summary>
      <returns>An  representing the <see cref="T:System.Collections.ReadOnlyCollectionBase" /> instance itself.</returns>
    </member>
    <member name="P:Atalasoft.Imaging.ImageProcessing.Document.HolePunchCollection.Item(System.Int32)">
      <summary>Returns the <strong>HolePunch</strong> object at the specified index.</summary>
    </member>
    <member name="P:Atalasoft.Imaging.ImageProcessing.Document.HolePunchRemovalCommand.AutoPropertyConfigurationEnabled">
      <summary>Gets or sets a value indicating if properties in the <c>HolePunchRemovalCommand.PropertiesToAutoConfigure</c> property will be
automatically determined by the command when processed.</summary>
    </member>
    <member name="P:Atalasoft.Imaging.ImageProcessing.Document.HolePunchRemovalCommand.ContentClusteringHint">
      <summary>The minimum distance in pixels between the hole punch boundary, and the text body.</summary>
    </member>
    <member name="P:Atalasoft.Imaging.ImageProcessing.Document.HolePunchRemovalCommand.HolePunchLocation">
      <summary>The location of hole punches on the image (Left, Top, Right, Bottom).</summary>
    </member>
    <member name="P:Atalasoft.Imaging.ImageProcessing.Document.HolePunchRemovalCommand.MaxHolePunchSize">
      <summary>The maximum size hole punch that will be removed in pixels.</summary>
    </member>
    <member name="P:Atalasoft.Imaging.ImageProcessing.Document.HolePunchRemovalCommand.MinHolePunchSize">
      <summary>The minimum size hole punch that will be removed in pixels.</summary>
    </member>
    <member name="P:Atalasoft.Imaging.ImageProcessing.Document.HolePunchRemovalCommand.PropertiesToAutoConfigure">
      <summary>Gets a collection of property names that will be auto configured when <c>HolePunchRemovalCommand.AutoPropertyConfigurationEnabled</c> is
true.</summary>
    </member>
    <member name="P:Atalasoft.Imaging.ImageProcessing.Document.HolePunchRemovalCommand.SpeedFactor">
      <summary>Determines the sample size of the image to process, affecting quality and speed.</summary>
    </member>
    <member name="P:Atalasoft.Imaging.ImageProcessing.Document.HolePunchRemovalCommand.SupportedPixelFormats">
      <summary>Gets a list of PixelFormats that this command will support without throwing an exception. This command supports Pixel1bppIndexed only.</summary>
    </member>
    <member name="P:Atalasoft.Imaging.ImageProcessing.Document.HolePunchRemovalResults.HolePunches">
      <summary>Gets a collection of <strong>HolePunch</strong> objects.</summary>
    </member>
    <member name="P:Atalasoft.Imaging.ImageProcessing.Document.Line.Startpoint">
      <summary>Gets the start point of the line relative to the image.</summary>
    </member>
    <member name="P:Atalasoft.Imaging.ImageProcessing.Document.Line.Thickness">
      <summary>Gets the thickness of the line in pixels.</summary>
    </member>
    <member name="M:Atalasoft.Imaging.ImageProcessing.Document.LineCollection.GetEnumerator">
      <summary>Returns an enumerator that iterates through the  instance.</summary>
      <returns>An  for the <see cref="T:System.Collections.ReadOnlyCollectionBase" /> instance.</returns>
    </member>
    <member name="P:Atalasoft.Imaging.ImageProcessing.Document.LineCollection.Count">
      <summary>Gets the number of elements contained in the  instance.</summary>
      <returns>The number of elements contained in the  instance. Retrieving the value of this property is an O(1) operation.</returns>
    </member>
    <member name="P:Atalasoft.Imaging.ImageProcessing.Document.LineCollection.InnerList">
      <summary>Gets the list of elements contained in the  instance.</summary>
      <returns>An  representing the <see cref="T:System.Collections.ReadOnlyCollectionBase" /> instance itself.</returns>
    </member>
    <member name="P:Atalasoft.Imaging.ImageProcessing.Document.LineRemovalResults.Lines">
      <summary>A collection of <strong>Line</strong> objects.</summary>
    </member>
    <member name="P:Atalasoft.Imaging.ImageProcessing.Document.MarginCropCommand.Denoise">
      <summary>When true, will remove noise before detecting the margin.</summary>
    </member>
    <member name="P:Atalasoft.Imaging.ImageProcessing.Document.MarginCropCommand.SpeedFactor">
      <summary>Determines the sample size of the image to process, affecting quality and speed.</summary>
    </member>
    <member name="P:Atalasoft.Imaging.ImageProcessing.Document.MarginCropCommand.SupportedPixelFormats">
      <summary>Gets a list of PixelFormats that this command will support without throwing an exception. This command supports Pixel1bppIndexed only.</summary>
    </member>
    <member name="P:Atalasoft.Imaging.ImageProcessing.Document.MarginCropResults.BorderRectangle">
      <summary>Gets the rectangular coordinates of the detected border.</summary>
    </member>
    <member name="M:Atalasoft.Imaging.ImageProcessing.Document.SegmentCollection.Clear">
      <summary>Removes all objects from the  instance. This method cannot be overridden.</summary>
    </member>
    <member name="M:Atalasoft.Imaging.ImageProcessing.Document.SegmentCollection.GetEnumerator">
      <summary>Returns an enumerator that iterates through the  instance.</summary>
      <returns>An  for the <see cref="T:System.Collections.CollectionBase" /> instance.</returns>
    </member>
    <member name="M:Atalasoft.Imaging.ImageProcessing.Document.SegmentCollection.OnClear">
      <summary>Performs additional custom processes when clearing the contents of the  instance.</summary>
    </member>
    <member name="M:Atalasoft.Imaging.ImageProcessing.Document.SegmentCollection.OnClearComplete">
      <summary>Performs additional custom processes after clearing the contents of the  instance.</summary>
    </member>
    <member name="M:Atalasoft.Imaging.ImageProcessing.Document.SegmentCollection.OnInsert(System.Int32,System.Object)">
      <summary>Performs additional custom processes before inserting a new element into the  instance.</summary>
      <param>The zero-based index at which to insert <paramref name="value" />.</param>
      <param>The new value of the element at <paramref name="index" />.</param>
    </member>
    <member name="M:Atalasoft.Imaging.ImageProcessing.Document.SegmentCollection.OnInsertComplete(System.Int32,System.Object)">
      <summary>Performs additional custom processes after inserting a new element into the  instance.</summary>
      <param>The zero-based index at which to insert <paramref name="value" />.</param>
      <param>The new value of the element at <paramref name="index" />.</param>
    </member>
    <member name="M:Atalasoft.Imaging.ImageProcessing.Document.SegmentCollection.OnRemove(System.Int32,System.Object)">
      <summary>Performs additional custom processes when removing an element from the  instance.</summary>
      <param>The zero-based index at which <paramref name="value" /> can be found.</param>
      <param>The value of the element to remove from <paramref name="index" />.</param>
    </member>
    <member name="M:Atalasoft.Imaging.ImageProcessing.Document.SegmentCollection.OnRemoveComplete(System.Int32,System.Object)">
      <summary>Performs additional custom processes after removing an element from the  instance.</summary>
      <param>The zero-based index at which <paramref name="value" /> can be found.</param>
      <param>The value of the element to remove from <paramref name="index" />.</param>
    </member>
    <member name="M:Atalasoft.Imaging.ImageProcessing.Document.SegmentCollection.OnSet(System.Int32,System.Object,System.Object)">
      <summary>Performs additional custom processes before setting a value in the  instance.</summary>
      <param>The zero-based index at which <paramref name="oldValue" /> can be found.</param>
      <param>The value to replace with <paramref name="newValue" />.</param>
      <param>The new value of the element at <paramref name="index" />.</param>
    </member>
    <member name="M:Atalasoft.Imaging.ImageProcessing.Document.SegmentCollection.OnSetComplete(System.Int32,System.Object,System.Object)">
      <summary>Performs additional custom processes after setting a value in the  instance.</summary>
      <param>The zero-based index at which <paramref name="oldValue" /> can be found.</param>
      <param>The value to replace with <paramref name="newValue" />.</param>
      <param>The new value of the element at <paramref name="index" />.</param>
    </member>
    <member name="M:Atalasoft.Imaging.ImageProcessing.Document.SegmentCollection.OnValidate(System.Object)">
      <summary>Performs additional custom processes when validating a value.</summary>
      <param>The object to validate.</param>
      <exception caption="" cref="T:System.ArgumentNullException">%value% is null.</exception>
    </member>
    <member name="M:Atalasoft.Imaging.ImageProcessing.Document.SegmentCollection.RemoveAt(System.Int32)">
      <summary>Removes the element at the specified index of the  instance. This method is not overridable.</summary>
      <param>The zero-based index of the element to remove.</param>
      <exception caption="" cref="T:System.ArgumentOutOfRangeException">%index% is less than zero.
                
                    -or-
                %index% is equal to or greater than %P:System.Collections.CollectionBase.Count%.</exception>
    </member>
    <member name="P:Atalasoft.Imaging.ImageProcessing.Document.SegmentCollection.Capacity">
      <summary>Gets or sets the number of elements that the  can contain.</summary>
      <exception caption="" cref="T:System.ArgumentOutOfRangeException">%P:System.Collections.CollectionBase.Capacity% is set to a value that is less than %P:System.Collections.CollectionBase.Count%.</exception>
      <exception caption="" cref="T:System.OutOfMemoryException">
                    There is not enough memory available on the system.
                </exception>
      <returns>The number of elements that the  can contain.</returns>
    </member>
    <member name="P:Atalasoft.Imaging.ImageProcessing.Document.SegmentCollection.Count">
      <summary>Gets the number of elements contained in the  instance. This property cannot be overridden.</summary>
      <returns>The number of elements contained in the  instance. Retrieving the value of this property is an O(1) operation.</returns>
    </member>
    <member name="P:Atalasoft.Imaging.ImageProcessing.Document.SegmentCollection.InnerList">
      <summary>Gets an  containing the list of elements in the <see cref="T:System.Collections.CollectionBase" /> instance.</summary>
      <returns>An  representing the <see cref="T:System.Collections.CollectionBase" /> instance itself. Retrieving the value of this property is an O(1)
operation.</returns>
    </member>
    <member name="P:Atalasoft.Imaging.ImageProcessing.Document.SegmentCollection.List">
      <summary>Gets an  containing the list of elements in the <see cref="T:System.Collections.CollectionBase" /> instance.</summary>
      <returns>An  representing the <see cref="T:System.Collections.CollectionBase" /> instance itself.</returns>
    </member>
    <member name="P:Atalasoft.Imaging.ImageProcessing.Document.SegmentsLocatedEventArgs.SegmentsIn">
      <summary>All the segments that have been identified</summary>
    </member>
    <member name="P:Atalasoft.Imaging.ImageProcessing.Document.SegmentsLocatedEventArgs.SegmentsOut">
      <summary>The segments whic will be identified</summary>
    </member>
    <member name="P:Atalasoft.Imaging.ImageProcessing.Document.SpeckRemovalCommand.MaxObjectSize">
      <summary>The maximum speck size that will be removed.</summary>
    </member>
    <member name="P:Atalasoft.Imaging.ImageProcessing.Document.SpeckRemovalCommand.MinObjectSize">
      <summary>The minimum speck size that will be removed.</summary>
    </member>
    <member name="P:Atalasoft.Imaging.ImageProcessing.Document.SpeckRemovalCommand.SpeedFactor">
      <summary>Determines the sample size of the image to process, affecting quality and speed.</summary>
    </member>
    <member name="P:Atalasoft.Imaging.ImageProcessing.Document.SpeckRemovalCommand.SupportedPixelFormats">
      <summary>Gets a list of PixelFormats that this command will support without throwing an exception. This command supports Pixel1bppIndexed only.</summary>
    </member>
  </members>
</doc>