﻿<?xml version="1.0" encoding="utf-8"?>
<doc>
  <assembly>
    <name>Atalasoft.dotImage.Barcoding.Reading</name>
  </assembly>
  <members>
    <member name="T:Atalasoft.Barcoding.Reading.BarImageable">
      <summary>Specification for an image data provider.</summary>
    </member>
    <member name="M:Atalasoft.Barcoding.Reading.BarImageable.GetColumnIntensities(System.Int32,System.Int32[])">
      <summary>Get the intensities of a pixel column.</summary>
      <param>The pixel column number.</param>
      <param>An array (of length not less than Height) to be populated with the intensity (0-255) of each pixel in the specified column.</param>
      <returns>The intensity (0-255) of each pixel in the specified column.</returns>
    </member>
    <member name="M:Atalasoft.Barcoding.Reading.BarImageable.GetIntensity(System.Int32,System.Int32)">
      <summary>Gets a pixel intensity.</summary>
      <param>The horizontal coordinate of a pixel in the image.</param>
      <param>The vertical coordinate of a pixel in the image.</param>
      <returns>The intensity (0-255) of the pixel.</returns>
    </member>
    <member name="M:Atalasoft.Barcoding.Reading.BarImageable.GetRowIntensities(System.Int32,System.Int32[])">
      <summary>Get the intensities of a pixel row.</summary>
      <param>
        <list type="termdef">
          <item>
            <description>The pixel row number.</description>
          </item>
        </list>
      </param>
      <param>An array (of length not less than Width) to be populated with the intensity (0-255) of each pixel in the specified row.</param>
      <returns>The intensity (0-255) of each pixel in the specified row.</returns>
    </member>
    <member name="M:Atalasoft.Barcoding.Reading.BarImageable.Lock">
      <summary>Invoked by  before it gets pixel data by invoking any of
<see cref="M:Atalasoft.Barcoding.Reading.BarImageable.GetIntensity(System.Int32,System.Int32)" />,
<see cref="M:Atalasoft.Barcoding.Reading.BarImageable.GetColumnIntensities(System.Int32,System.Int32[])" />, and
<see cref="M:Atalasoft.Barcoding.Reading.BarImageable.GetRowIntensities(System.Int32,System.Int32[])" />.</summary>
    </member>
    <member name="M:Atalasoft.Barcoding.Reading.BarImageable.Unlock">
      <summary>Invoked by  after it has obtained pixel data through invocations of
<see cref="M:Atalasoft.Barcoding.Reading.BarImageable.GetIntensity(System.Int32,System.Int32)" />,
<see cref="M:Atalasoft.Barcoding.Reading.BarImageable.GetColumnIntensities(System.Int32,System.Int32[])" />, or
<see cref="M:Atalasoft.Barcoding.Reading.BarImageable.GetRowIntensities(System.Int32,System.Int32[])" />.</summary>
    </member>
    <member name="P:Atalasoft.Barcoding.Reading.BarImageable.Height">
      <summary>Determines the height of the image.</summary>
    </member>
    <member name="P:Atalasoft.Barcoding.Reading.BarImageable.Width">
      <summary>Determines the width of the image.</summary>
    </member>
    <member name="T:Atalasoft.Barcoding.Reading.BarcodeReaderEdition">
      <summary>Defined the type of BarcodeReader license.</summary>
    </member>
    <member name="F:Atalasoft.Barcoding.Reading.BarcodeReaderEdition.Code39">
      <summary>Supports recognizing all 1-D barcodes and all 2-D barcodes.</summary>
    </member>
    <member name="F:Atalasoft.Barcoding.Reading.BarcodeReaderEdition.All1D">
      <summary>Supports recognizing all 1-D barcodes.</summary>
    </member>
    <member name="F:Atalasoft.Barcoding.Reading.BarcodeReaderEdition.All1Dand2D">
      <summary>Supports recognizing only Code39.</summary>
    </member>
    <member name="T:Atalasoft.Barcoding.Reading.Code39Options">
      <summary>This enumeration represents a set of flags that will affect how Code39 barcodes are read. If you need to read other symbologies in addition to Code39, you
should always use the None setting.</summary>
    </member>
    <member name="F:Atalasoft.Barcoding.Reading.Code39Options.None">
      <summary>No options set.</summary>
    </member>
    <member name="F:Atalasoft.Barcoding.Reading.Code39Options.DontRequireStartStop">
      <summary>If this flag is set, start/stop characters are not required in Code 39 barcodes. This may produce false positives when reading barcodes.</summary>
    </member>
    <member name="F:Atalasoft.Barcoding.Reading.Code39Options.DisableFullASCII">
      <summary>If this flag is set, escape codes that enable full ASCII encoding in Code 39 barcodes will be disabled.</summary>
    </member>
    <member name="T:Atalasoft.Barcoding.Reading.Directions">
      <summary>Read direction identifiers. Flagged.</summary>
    </member>
    <member name="F:Atalasoft.Barcoding.Reading.Directions.None">
      <summary>Represents no directions. Not recommended in general use.</summary>
    </member>
    <member name="F:Atalasoft.Barcoding.Reading.Directions.East">
      <summary>Easterly scan (horizontally, left to right).</summary>
    </member>
    <member name="F:Atalasoft.Barcoding.Reading.Directions.South">
      <summary>Southerly scan (vertically, top to bottom).</summary>
    </member>
    <member name="F:Atalasoft.Barcoding.Reading.Directions.West">
      <summary>Westerly scan (horizontally, right to left).</summary>
    </member>
    <member name="F:Atalasoft.Barcoding.Reading.Directions.North">
      <summary>Northerly scan (vertically, bottom to top).</summary>
    </member>
    <member name="F:Atalasoft.Barcoding.Reading.Directions.NorthEast">
      <summary>Northeasterly scan (diagonally, lower left to upper right).</summary>
    </member>
    <member name="F:Atalasoft.Barcoding.Reading.Directions.SouthEast">
      <summary>Southeasterly scan (diagonally, upper right to lower left).</summary>
    </member>
    <member name="F:Atalasoft.Barcoding.Reading.Directions.SouthWest">
      <summary>Southwesterly scan (diagonally, upper right to lower left).</summary>
    </member>
    <member name="F:Atalasoft.Barcoding.Reading.Directions.NorthWest">
      <summary>Northwesterly scan (diagonally, lower right to upper left).</summary>
    </member>
    <member name="F:Atalasoft.Barcoding.Reading.Directions.All">
      <summary>Represents all supported directions.</summary>
    </member>
    <member name="T:Atalasoft.Barcoding.Reading.ReadingQuality">
      <summary>ReadingQuality balances speed and accuracy of the BarCodeReader object.</summary>
    </member>
    <member name="F:Atalasoft.Barcoding.Reading.ReadingQuality.MostAccurate">
      <summary>This setting sacrifices speed for accuracy.</summary>
    </member>
    <member name="F:Atalasoft.Barcoding.Reading.ReadingQuality.Fastest">
      <summary>This setting sacrifices accuracy in favor of speed.</summary>
    </member>
    <member name="T:Atalasoft.Barcoding.Reading.Symbologies">
      <summary>Barcode symbology identifiers. Flagged.</summary>
    </member>
    <member name="F:Atalasoft.Barcoding.Reading.Symbologies.AustraliaPost">
      <summary>Australia Post

<para>The  property is a string consisting of:</para><list type="bullet"><item>the two digit Format Control Code, then a space, followed by</item><item>the eight digit Delivery Point Identifier, then a space, followed by</item><item>the data in the Customer Information Field, if this field is present. This data is represented by a sequence of digits 0-3 specifying the 4-state
    values of the individual bars in the field. The  property's <c>"australiaTable"</c>
    key may be used to specify the use of the C or N table to interpret the data in the field.</item><item>a final space then eight digits of error correction data.</item></list></summary>
    </member>
    <member name="F:Atalasoft.Barcoding.Reading.Symbologies.Codabar">
      <summary>Codabar</summary>
    </member>
    <member name="F:Atalasoft.Barcoding.Reading.Symbologies.Code11">
      <summary>Code 11</summary>
    </member>
    <member name="F:Atalasoft.Barcoding.Reading.Symbologies.Code128">
      <summary>Code 128. For more information see </summary>
    </member>
    <member name="F:Atalasoft.Barcoding.Reading.Symbologies.Code32">
      <summary>Code 32

<para><c>Code 32</c> is also known as: <c>Base 32</c>, <c>Pharma 32/39</c>, and
<c>Italian Pharmacode</c>. It is <i>not</i> the same as <c>Pharmacode-Laetus</c>.</para><para>Code 32 barcodes are similar to Code 39 barcodes with a different encodation. If both  and
<see cref="F:Atalasoft.Barcoding.Reading.Symbologies.Code32" /> are specified then <see cref="ReaderBars" /> can return two <see cref="T:Atalasoft.Barcoding.Reading.BarCode" /> instances, one for
each symbology, for the one barcode.</para></summary>
    </member>
    <member name="F:Atalasoft.Barcoding.Reading.Symbologies.Code39">
      <summary>Code 39</summary>
    </member>
    <member name="F:Atalasoft.Barcoding.Reading.Symbologies.Code93">
      <summary>Code 93</summary>
    </member>
    <member name="F:Atalasoft.Barcoding.Reading.Symbologies.Datamatrix">
      <summary>Data Matrix</summary>
    </member>
    <member name="F:Atalasoft.Barcoding.Reading.Symbologies.Ean13">
      <summary>EAN13</summary>
    </member>
    <member name="F:Atalasoft.Barcoding.Reading.Symbologies.Ean8">
      <summary>EAN8</summary>
    </member>
    <member name="F:Atalasoft.Barcoding.Reading.Symbologies.I2of5">
      <summary>Interleaved 2 of 5</summary>
    </member>
    <member name="F:Atalasoft.Barcoding.Reading.Symbologies.IntelligentMail">
      <summary>Intelligent Mail</summary>
    </member>
    <member name="F:Atalasoft.Barcoding.Reading.Symbologies.Itf14">
      <summary>ITF-14</summary>
    </member>
    <member name="F:Atalasoft.Barcoding.Reading.Symbologies.MicroQr">
      <summary>Micro QR Code</summary>
    </member>
    <member name="F:Atalasoft.Barcoding.Reading.Symbologies.Patch">
      <summary>Patch</summary>
    </member>
    <member name="F:Atalasoft.Barcoding.Reading.Symbologies.Pdf417">
      <summary>PDF417</summary>
    </member>
    <member name="F:Atalasoft.Barcoding.Reading.Symbologies.Planet">
      <summary>Planet</summary>
    </member>
    <member name="F:Atalasoft.Barcoding.Reading.Symbologies.Postnet">
      <summary>Postnet</summary>
    </member>
    <member name="F:Atalasoft.Barcoding.Reading.Symbologies.Plus2">
      <summary>2-digit supplementals associated with EAN and UPC symbology barcodes.</summary>
    </member>
    <member name="F:Atalasoft.Barcoding.Reading.Symbologies.Plus5">
      <summary>5-digit supplementals associated with EAN and UPC symbology barcodes.</summary>
    </member>
    <member name="F:Atalasoft.Barcoding.Reading.Symbologies.Qr">
      <summary>QR Code</summary>
    </member>
    <member name="F:Atalasoft.Barcoding.Reading.Symbologies.Rm4scc">
      <summary>RM4SCC (Royal Mail 4-State Customer Code)</summary>
    </member>
    <member name="F:Atalasoft.Barcoding.Reading.Symbologies.Rss14">
      <summary>RSS-14

<para>RSS-14 alternate formats are read as well as the regular format. The alternate formats are truncated, stacked, and stacked omnidirectional. It is
recommended that the alignment of truncated and stacked symbols be close to horizontal or vertical.</para></summary>
    </member>
    <member name="F:Atalasoft.Barcoding.Reading.Symbologies.RssLimited">
      <summary>RSS Limited

<para>It is recommended that symbols whose height is near to the specified minimum be aligned close to horizontal or vertical.</para></summary>
    </member>
    <member name="F:Atalasoft.Barcoding.Reading.Symbologies.Telepen">
      <summary>Telepen</summary>
    </member>
    <member name="F:Atalasoft.Barcoding.Reading.Symbologies.Upca">
      <summary>UPC A

<para>UPC A barcodes are identical to EAN13 barcodes with the same encodation except for an additional leading zero on the latter. If both
 and <see cref="F:Atalasoft.Barcoding.Reading.Symbologies.Upca" /> are specified then <see cref="ReaderBars" /> can return two
<see cref="T:Atalasoft.Barcoding.Reading.BarCode" /> instances, one for each symbology, for the one barcode.</para></summary>
    </member>
    <member name="F:Atalasoft.Barcoding.Reading.Symbologies.Upce">
      <summary>UPC E

<para>UPC E encodations are a compressed form of UPC A. The  property holds the full uncompressed UPC A
encodation for this symbology.</para></summary>
    </member>
    <member name="F:Atalasoft.Barcoding.Reading.Symbologies.All2D">
      <summary>A combination of all the 2D symbologies.</summary>
    </member>
    <member name="F:Atalasoft.Barcoding.Reading.Symbologies.All1D">
      <summary>A combination of all the 1D symbologies.</summary>
    </member>
    <member name="F:Atalasoft.Barcoding.Reading.Symbologies.All">
      <summary>A combination of all the symbologies.</summary>
    </member>
    <member name="T:Atalasoft.Barcoding.Reading.BarCode">
      <summary>Describes a barcode contained within an image.</summary>
    </member>
    <member name="T:Atalasoft.Barcoding.Reading.BarCodeEventArgs">
      <summary>Provides data for the  event in the <see cref="T:Atalasoft.Barcoding.Reading.BarCodeReader" /> class.</summary>
    </member>
    <member name="T:Atalasoft.Barcoding.Reading.BarCodeReader">
      <summary>Encapsulates an image that may contain barcodes. To read barcodes from an image create an instance of this class and invoke its  method.</summary>
    </member>
    <member name="T:Atalasoft.Barcoding.Reading.BarCodeReaderBase">
      <summary>An abstract base class for barcode reading that implements many of the core features.</summary>
    </member>
    <member name="T:Atalasoft.Barcoding.Reading.BarcodeReaderLicense">
      <summary>This class is used for licensing purposes, or for inspecting the current Edition.</summary>
    </member>
    <member name="T:Atalasoft.Barcoding.Reading.ReadOpts">
      <summary>Encapsulates the options for reading barcodes from images.</summary>
    </member>
    <member name="T:Atalasoft.Barcoding.Reading.StructuredAppend">
      <summary>Structured Append barcode data.</summary>
    </member>
    <member name="P:Atalasoft.Barcoding.Reading.BarCode.BoundingRect">
      <summary>Gets the bounding rectangle of the barcode.</summary>
    </member>
    <member name="P:Atalasoft.Barcoding.Reading.BarCode.CheckCharPos">
      <summary>Gets the position of the check character.</summary>
    </member>
    <member name="P:Atalasoft.Barcoding.Reading.BarCode.Data">
      <summary>The raw barcode data as an array of bytes.</summary>
    </member>
    <member name="P:Atalasoft.Barcoding.Reading.BarCode.DataString">
      <summary>Gets the data encoded by this barcode.</summary>
    </member>
    <member name="P:Atalasoft.Barcoding.Reading.BarCode.EndEdgePoints">
      <summary>Gets the two points delimiting the trailing edge of the barcode.</summary>
    </member>
    <member name="P:Atalasoft.Barcoding.Reading.BarCode.ErrorCorrectionLevel">
      <summary>The error correction level.</summary>
    </member>
    <member name="P:Atalasoft.Barcoding.Reading.BarCode.HasSupplemental">
      <summary>Gets a value determining whether this barcode has a supplemental barcode.</summary>
    </member>
    <member name="P:Atalasoft.Barcoding.Reading.BarCode.ReadDirection">
      <summary>Gets the direction in which the barcode was read.</summary>
    </member>
    <member name="P:Atalasoft.Barcoding.Reading.BarCode.StartEdgePoints">
      <summary>Gets the two points delimiting the leading edge of the barcode.</summary>
    </member>
    <member name="P:Atalasoft.Barcoding.Reading.BarCode.StructAppend">
      <summary>Gets the Structured Append data for this barcode.</summary>
    </member>
    <member name="P:Atalasoft.Barcoding.Reading.BarCode.Supplmental">
      <summary>Gets the supplemental barcode associated with this barcode.</summary>
    </member>
    <member name="P:Atalasoft.Barcoding.Reading.BarCode.Symbology">
      <summary>Gets the barcode symbology of this barcode.</summary>
    </member>
    <member name="M:Atalasoft.Barcoding.Reading.BarCodeEventArgs.#ctor(Atalasoft.Barcoding.Reading.BarCode)">
      <summary>Creates a new instance of .</summary>
      <param>The BarCode object.</param>
    </member>
    <member name="P:Atalasoft.Barcoding.Reading.BarCodeEventArgs.BarCode">
      <summary>Gets or sets the  instance that this class holds.</summary>
    </member>
    <member name="M:Atalasoft.Barcoding.Reading.BarCodeReader.#ctor">
      <summary>Constructs a new BarCodeReader class.</summary>
    </member>
    <member name="M:Atalasoft.Barcoding.Reading.BarCodeReader.#ctor">
      <summary>Constructs a new BarCodeReader class.</summary>
    </member>
    <member name="M:Atalasoft.Barcoding.Reading.BarCodeReader.#ctor(Atalasoft.Barcoding.Reading.BarImageable)">
      <summary>Creates a  for an image represented by the specified image data provider.</summary>
      <param>An image data provider.</param>
      <returns>Use this constructor if the image data is in some private or proprietory format and it is not convenient to create an AtalaImage from the data.</returns>
    </member>
    <member name="M:Atalasoft.Barcoding.Reading.BarCodeReader.#ctor(Atalasoft.Imaging.AtalaImage)">
      <summary>Creates a  for a specified <see cref="T:Atalasoft.Imaging.AtalaImage" /> image.</summary>
      <param>An AtalaImage image.</param>
      <returns>Use this constructor if the image is available as a . T his is the preferred constructor because this class is optimized for
rapid access to <see cref="T:Atalasoft.Imaging.AtalaImage" /> pixel data.</returns>
    </member>
    <member name="M:Atalasoft.Barcoding.Reading.BarCodeReader.#ctor(Atalasoft.Imaging.AtalaImage,Atalasoft.Imaging.ImageProcessing.ImageCommand)">
      <summary>Construct a new  with the supplied image and apply the thresholdCommand to the image.</summary>
      <param>An AtalaImage image.</param>
      <param>An ImageCommand to perform conversion to black and white.</param>
    </member>
    <member name="M:Atalasoft.Barcoding.Reading.BarCodeReader.#ctor(Atalasoft.Imaging.AtalaImage,System.Boolean)">
      <summary>Creates a  for a specified <see cref="T:Atalasoft.Imaging.AtalaImage" /> image and will condtionally threshold the image.</summary>
      <param>An AtalaImage image.</param>
      <param>If true, the image will be converted to black and white using the DynamicThreshold command if it is licensed (DocumentImaging) or the ThresholdCommand
otherwise.</param>
    </member>
    <member name="M:Atalasoft.Barcoding.Reading.BarCodeReader.Dispose">
      <summary>Disposes the BarCodeReader class.</summary>
    </member>
    <member name="M:Atalasoft.Barcoding.Reading.BarCodeReaderBase.IsSymbologySupported(Atalasoft.Barcoding.Reading.Symbologies)">
      <summary>Indicates is a symbology is supported by a BarCodeReader.</summary>
      <param>The symbology or symbologies to check support for.</param>
      <returns>True if the symbology is supported, false otherwise.</returns>
    </member>
    <member name="M:Atalasoft.Barcoding.Reading.BarCodeReaderBase.ReadBars(Atalasoft.Barcoding.Reading.ReadOpts)">
      <summary>Read barcodes in the image.</summary>
      <param>Specifying the options to use in reading the image.</param>
      <returns>An array of  instances. Each element represents a barcode read from the image. The size of the collection is zero if no
barcodes are read.</returns>
    </member>
    <member name="P:Atalasoft.Barcoding.Reading.BarCodeReaderBase.SupportedSymbologies">
      <summary>Returns all the licensed and supported symbologies for the BarCodeReader.</summary>
    </member>
    <member name="E:Atalasoft.Barcoding.Reading.BarCodeReaderBase.ReadBarCode">
      <summary>This event is fired after a barcode is found</summary>
    </member>
    <member name="P:Atalasoft.Barcoding.Reading.BarcodeReaderLicense.Edition">
      <summary>Gets the license edition for the BarCodeReader.</summary>
    </member>
    <member name="M:Atalasoft.Barcoding.Reading.ReadOpts.#ctor">
      <summary>Constructs a new ReadOpts object.</summary>
    </member>
    <member name="M:Atalasoft.Barcoding.Reading.ReadOpts.#ctor">
      <summary>Creates an instance with each property initialised as described in the Public Instance Properties section.</summary>
    </member>
    <member name="M:Atalasoft.Barcoding.Reading.ReadOpts.#ctor(Atalasoft.Barcoding.Reading.ReadOpts)">
      <summary>Creates a new instance, initialized to match the values of the specified .</summary>
      <param>The  from which to copy initial values to a newly constructed <see cref="ReadOptions" />.</param>
    </member>
    <member name="P:Atalasoft.Barcoding.Reading.ReadOpts.Code39Options">
      <summary>Sets or gets reading options specific to the Code39 symbology</summary>
    </member>
    <member name="P:Atalasoft.Barcoding.Reading.ReadOpts.Direction">
      <summary>Gets or sets the read direction.</summary>
    </member>
    <member name="P:Atalasoft.Barcoding.Reading.ReadOpts.EnforceChecksum">
      <summary>Gets or sets a value to that will enforce the checksum in those symbologies in which a checksum character is optional. Initialized to <c>false</c> by constructor.</summary>
    </member>
    <member name="P:Atalasoft.Barcoding.Reading.ReadOpts.ReadingQuality">
      <summary>Gets or sets the speed or accuracy of the BarCodeReader.</summary>
    </member>
    <member name="P:Atalasoft.Barcoding.Reading.ReadOpts.RectOfInterest">
      <summary>Gets or sets a rectangular region of the image to look for barcodes.</summary>
    </member>
    <member name="P:Atalasoft.Barcoding.Reading.ReadOpts.ScanBarsToRead">
      <summary>Gets or sets the number of bars to attempt to read. The value of this field is not significant when searching two color (e.g. black and white) images for
one-dimensional or stacked symbols. Initialised to <c>1</c> by constructor.</summary>
    </member>
    <member name="P:Atalasoft.Barcoding.Reading.ReadOpts.ScanInterval">
      <summary>Gets or sets the scan interval. Initialized to <c>5</c> by constructor.</summary>
    </member>
    <member name="P:Atalasoft.Barcoding.Reading.ReadOpts.SkipAllValidation">
      <summary>Sets or gets whether or not the barcode reader should skip validation.</summary>
    </member>
    <member name="P:Atalasoft.Barcoding.Reading.ReadOpts.Symbology">
      <summary>Gets or sets the barcode symbology</summary>
    </member>
    <member name="P:Atalasoft.Barcoding.Reading.ReadOpts.XOptions">
      <summary>Extra options for configuring the reader.</summary>
    </member>
    <member name="T:Atalasoft.Barcoding.Reading.BarCodeEventHandler">
      <summary>Event handler for events that require a  object.</summary>
      <param>The originating object of the event (typically BarCodeReader).</param>
      <param>The event args.</param>
    </member>
  </members>
</doc>