﻿<?xml version="1.0" encoding="utf-8"?>
<doc>
  <assembly>
    <name>Atalasoft.dotImage.Pdf</name>
  </assembly>
  <members>
    <member name="T:Atalasoft.Imaging.Codec.Pdf.PdfCompressionType">
      <summary>The type of compression used on the image data.</summary>
    </member>
    <member name="F:Atalasoft.Imaging.Codec.Pdf.PdfCompressionType.None">
      <summary>No compression.</summary>
    </member>
    <member name="F:Atalasoft.Imaging.Codec.Pdf.PdfCompressionType.CcittGroup4">
      <summary>
        <para>Uses CCITT Group4 Fax compression on the image data.</para>
        <para>This can only be used on 1-bit images. If you attempt to use this compression on an image of another type, it will default to <strong>Auto</strong>
compression mode.</para>
      </summary>
    </member>
    <member name="F:Atalasoft.Imaging.Codec.Pdf.PdfCompressionType.Jpeg">
      <summary>
        <para>The image is saved as a JPEG. You may also want to set the  of the
<see cref="T:Atalasoft.Imaging.Codec.Pdf.PdfEncoder" />.</para>
      </summary>
    </member>
    <member name="F:Atalasoft.Imaging.Codec.Pdf.PdfCompressionType.Deflate">
      <summary>Uses Deflate compression on the image data.</summary>
    </member>
    <member name="F:Atalasoft.Imaging.Codec.Pdf.PdfCompressionType.Auto">
      <summary>This will tell the PdfEncoder to automatically determine which compression to use.</summary>
    </member>
    <member name="F:Atalasoft.Imaging.Codec.Pdf.PdfCompressionType.Jbig2">
      <summary>Use Jbig2 compression on the image data. This compression is only available for 1 bit per pixel images.</summary>
    </member>
    <member name="F:Atalasoft.Imaging.Codec.Pdf.PdfCompressionType.Jpeg2000">
      <summary>Use Jpeg2000 compression on the image data. This setting works only for RGB color or grayscale images.</summary>
    </member>
    <member name="T:Atalasoft.Imaging.Codec.Pdf.PdfPageSizeMode">
      <summary>Used to set the page  of a PDF document created with <see cref="T:Atalasoft.Imaging.Codec.Pdf.PdfEncoder" />.</summary>
    </member>
    <member name="F:Atalasoft.Imaging.Codec.Pdf.PdfPageSizeMode.FitToImage">
      <summary>This will cause each page to be resized to the size of the image, plus any .</summary>
    </member>
    <member name="F:Atalasoft.Imaging.Codec.Pdf.PdfPageSizeMode.FitToPage">
      <summary>This will make each page in the PDF the same . If an image is too large to fit in the page, it will be
rendered smaller in order to fit. If the image is smaller than the page, it will be centered.</summary>
    </member>
    <member name="T:Atalasoft.Imaging.Codec.Pdf.JpegToPdfEncoder">
      <summary>This class is used to convert one or more JPEG files into a single PDF document. This is a lossless process: JPEG image data is rewritten directly into the
output PDF without decoding/re-encoding it.</summary>
    </member>
    <member name="T:Atalasoft.Imaging.Codec.Pdf.JpegToPdfPageEventArgs">
      <summary>Represents data present when a JPEG image has been acquired and is about to be translated into a PDF page.</summary>
    </member>
    <member name="T:Atalasoft.Imaging.Codec.Pdf.PdfCodecCompression">
      <summary>PdfCodecCompression is a container class that encapsulates compression settings for a PDF image.</summary>
    </member>
    <member name="T:Atalasoft.Imaging.Codec.Pdf.PdfEncoder">
      <summary>An  that will write one or more images to a PDF file.</summary>
    </member>
    <member name="T:Atalasoft.Imaging.Codec.Pdf.PdfImage">
      <summary>Contains information about a single image or file to be added to the PDF.</summary>
    </member>
    <member name="T:Atalasoft.Imaging.Codec.Pdf.PdfImageCollection">
      <summary>Contains a collection of <strong>PdfImage</strong> objects to be saved to PDF.</summary>
    </member>
    <member name="T:Atalasoft.Imaging.Codec.Pdf.PdfMetadata">
      <summary>Contains general information about the PDF file.</summary>
    </member>
    <member name="M:Atalasoft.Imaging.Codec.Pdf.JpegToPdfEncoder.#ctor">
      <summary>Constructs a new JpegToPdfEncoder object.</summary>
    </member>
    <member name="M:Atalasoft.Imaging.Codec.Pdf.JpegToPdfEncoder.Save">
      <summary>Saves the supplied JPEG stream or streams to the give output stream.</summary>
    </member>
    <member name="M:Atalasoft.Imaging.Codec.Pdf.JpegToPdfEncoder.Save(System.IO.Stream,System.IO.Stream)">
      <summary>Save the single JPEG image into a single page PDF document.</summary>
      <param>The stream where the PDF document will be saved.</param>
      <param>A stream containing a source JPEG image</param>
    </member>
    <member name="M:Atalasoft.Imaging.Codec.Pdf.JpegToPdfEncoder.Save(System.IO.Stream,System.Collections.Generic.IEnumerable{System.IO.Stream})">
      <summary>Saves the set of JPEG images into a single multipage PDF document.</summary>
      <param>The stream where the PDF document will be saved.</param>
      <param>An enumerable set of streams that represent JPEG images.</param>
    </member>
    <member name="P:Atalasoft.Imaging.Codec.Pdf.JpegToPdfEncoder.BookmarkTree">
      <summary>Sets or gets a tree of Bookmarks to set for the PDF document created by the
 method.</summary>
    </member>
    <member name="P:Atalasoft.Imaging.Codec.Pdf.JpegToPdfEncoder.CreateSelfPrintingPdf">
      <summary>Gets or sets a boolean indicating if the output PDF file should be self-printing</summary>
    </member>
    <member name="P:Atalasoft.Imaging.Codec.Pdf.JpegToPdfEncoder.EncryptMetadata">
      <summary>Sets or gets a boolean indicating that metadata should be encrypted. Default is false.</summary>
    </member>
    <member name="P:Atalasoft.Imaging.Codec.Pdf.JpegToPdfEncoder.ErrorRecovery">
      <summary>Sets or gets how to recover from errors.</summary>
    </member>
    <member name="P:Atalasoft.Imaging.Codec.Pdf.JpegToPdfEncoder.Metadata">
      <summary>Gets or sets the metadata information used for this PDF.</summary>
    </member>
    <member name="P:Atalasoft.Imaging.Codec.Pdf.JpegToPdfEncoder.OwnerPassword">
      <summary>Sets or gets an owner password to use for the document. Default value is null (no password).</summary>
    </member>
    <member name="P:Atalasoft.Imaging.Codec.Pdf.JpegToPdfEncoder.PageBorder">
      <summary>Gets or sets the amount of border space around the image in PDF Page Units.</summary>
    </member>
    <member name="P:Atalasoft.Imaging.Codec.Pdf.JpegToPdfEncoder.PageSize">
      <summary>Gets or sets the size of the PDF pages in PDF Page Units.</summary>
    </member>
    <member name="P:Atalasoft.Imaging.Codec.Pdf.JpegToPdfEncoder.SizeMode">
      <summary>Gets or sets the page size mode for this PDF.</summary>
    </member>
    <member name="P:Atalasoft.Imaging.Codec.Pdf.JpegToPdfEncoder.UserPassword">
      <summary>Sets or gets a user password to use for the document. Default value is null (no password).</summary>
    </member>
    <member name="E:Atalasoft.Imaging.Codec.Pdf.JpegToPdfEncoder.JpegAquired">
      <summary>This event is used to indicate that a JPEG image has been acquired and is ready to be embedded within a PDF.</summary>
    </member>
    <member name="M:Atalasoft.Imaging.Codec.Pdf.JpegToPdfPageEventArgs.#ctor(System.IO.Stream,System.Drawing.SizeF)">
      <summary>Constructs a new JpegToPdfPageEventArgs class.</summary>
      <param>The stream that contains the JPEG to be encoded.</param>
      <param>The size of the image in PDF units.</param>
    </member>
    <member name="P:Atalasoft.Imaging.Codec.Pdf.JpegToPdfPageEventArgs.ImageSize">
      <summary>Gets the size of the image in PDF page units (1/72 of an inch).</summary>
    </member>
    <member name="P:Atalasoft.Imaging.Codec.Pdf.JpegToPdfPageEventArgs.PageBorder">
      <summary>The border around the image on the page in PDF page units (1/72 of an inch).</summary>
    </member>
    <member name="P:Atalasoft.Imaging.Codec.Pdf.JpegToPdfPageEventArgs.PageSize">
      <summary>The size of the resulting page in PDF page units (1/72 of an inch).</summary>
    </member>
    <member name="P:Atalasoft.Imaging.Codec.Pdf.JpegToPdfPageEventArgs.SizeMode">
      <summary>Sets or gets how the image will sit in the page.</summary>
    </member>
    <member name="P:Atalasoft.Imaging.Codec.Pdf.JpegToPdfPageEventArgs.Stream">
      <summary>Gets the stream that contains the JPEG image being translated.</summary>
    </member>
    <member name="M:Atalasoft.Imaging.Codec.Pdf.PdfCodecCompression.#ctor">
      <summary>Constructs a new PdfCodecCompression object</summary>
    </member>
    <member name="M:Atalasoft.Imaging.Codec.Pdf.PdfCodecCompression.#ctor(Atalasoft.Imaging.Codec.Pdf.PdfCompressionType)">
      <summary>Constructs a new PdfCodecCompression object with the specified PdfCompressionType.</summary>
      <param>A value specifying one of the standard PDF compressions.</param>
    </member>
    <member name="M:Atalasoft.Imaging.Codec.Pdf.PdfCodecCompression.#ctor(Atalasoft.Imaging.Codec.Pdf.PdfCompressionType,System.Int32)">
      <summary>Constructs a new PdfCodecCompression object with the specified PdfCompressionType and default quality.</summary>
      <param>A value specifying one of the standard PDF compressions.</param>
      <param>A value between 0 and 100 specifying jpeg quality. 1 is best compression and least quality, 100 is least compression and best quality.</param>
    </member>
    <member name="M:Atalasoft.Imaging.Codec.Pdf.PdfCodecCompression.#ctor(Atalasoft.Imaging.Codec.Pdf.PdfCompressionType,System.Double)">
      <summary>Constructs a new PdfCodecCompression object with the specified PdfCompressionType and default Jpeg2000 compression factor.</summary>
      <param>A value specifying one of the standard PDF compressions.</param>
      <param>Specifies the jpeg2000 compression factor to use when the type is PdfCompressionType.Jpeg2000.</param>
    </member>
    <member name="P:Atalasoft.Imaging.Codec.Pdf.PdfCodecCompression.Compression">
      <summary>Gets a value representing one of the standard PDF compression values.</summary>
    </member>
    <member name="P:Atalasoft.Imaging.Codec.Pdf.PdfCodecCompression.Jpeg2000CompressionFactor">
      <summary>Gets a value representing the compression factor to use for Jpeg2000 compression.</summary>
    </member>
    <member name="P:Atalasoft.Imaging.Codec.Pdf.PdfCodecCompression.JpegQuality">
      <summary>Gets or sets the quality level of the Jpeg as it's encoded to a file. Valid values are 1 - 100 with a default value of 80.</summary>
    </member>
    <member name="M:Atalasoft.Imaging.Codec.Pdf.PdfEncoder.#ctor">
      <summary>Creates a PdfEncoder object.</summary>
    </member>
    <member name="M:Atalasoft.Imaging.Codec.Pdf.PdfEncoder.#ctor">
      <summary>Creates a new instance of PdfEncoder.</summary>
    </member>
    <member name="M:Atalasoft.Imaging.Codec.Pdf.PdfEncoder.#ctor(Atalasoft.Imaging.Codec.Pdf.PdfMetadata)">
      <summary>Creates a new instance of PdfEncoder specifying metadata.</summary>
      <param>The metadata for this PDF file.</param>
    </member>
    <member name="M:Atalasoft.Imaging.Codec.Pdf.PdfEncoder.#ctor(Atalasoft.PdfDoc.PdfDocumentType)">
      <summary>Creates a new instance of PdfEncoder specifying the document type.</summary>
      <param>The document type for the resulting PDF</param>
    </member>
    <member name="M:Atalasoft.Imaging.Codec.Pdf.PdfEncoder.#ctor(Atalasoft.Imaging.Codec.Pdf.PdfPageSizeMode,System.Drawing.Size,System.Int32,Atalasoft.Imaging.Codec.Pdf.PdfMetadata)">
      <summary>Creates a new instance of PdfEncoder specifying sizeMode, pageSize, pageBorder and metadata.</summary>
      <param>The size method used when creating the page.</param>
      <param>The page size in pixels.</param>
      <param>The page border used for this image.</param>
      <param>The metadata for this PDF file.</param>
    </member>
    <member name="M:Atalasoft.Imaging.Codec.Pdf.PdfEncoder.#ctor(Atalasoft.Imaging.Codec.Pdf.PdfPageSizeMode,System.Drawing.Size,System.Int32,Atalasoft.Imaging.Codec.Pdf.PdfMetadata,Atalasoft.PdfDoc.PdfDocumentType)">
      <summary>Creates a new instance of PdfEncoder specifying sizeMode, pageSize, pageBorder, metadata and document type.</summary>
      <param>The size method used when creating the page.</param>
      <param>The page size in pixels.</param>
      <param>The page border used for this image. Set to a value greater than 0, this will create a page with a blank border around the image in PDF Page units
(72<sup>nds</sup> of an inch).</param>
      <param>The metadata for this PDF file.</param>
      <param>The document type for the resulting PDF</param>
    </member>
    <member name="M:Atalasoft.Imaging.Codec.Pdf.PdfEncoder.#ctor(System.Int32,Atalasoft.Imaging.Codec.Pdf.PdfPageSizeMode,System.Drawing.Size,System.Int32,Atalasoft.Imaging.Codec.Pdf.PdfMetadata)">
      <summary>Creates an instance of PdfEncoder specifying jpegQuality, sizeMode, pageSize, pageBorder and metadata.</summary>
      <param>The Jpeg quality used when the image compression is set to Jpeg. The value can range from 1 to 100 where 1 provides the best compression, but least image
quality and 100 provides the least compression, but best image quality.</param>
      <param>The size method used when creating the page.</param>
      <param>The page size in pixels.</param>
      <param>The page border used for this image. Set to a value greater than 0, this will create a page with a blank border around the image in PDF Page units
(72<sup>nds</sup> of an inch).</param>
      <param>The metadata for this PDF file.</param>
    </member>
    <member name="M:Atalasoft.Imaging.Codec.Pdf.PdfEncoder.ToByteArray">
      <summary>Saves the Pdf to a byte array.</summary>
    </member>
    <member name="M:Atalasoft.Imaging.Codec.Pdf.PdfEncoder.Save(System.IO.Stream,Atalasoft.Imaging.AtalaImage,Atalasoft.Imaging.ProgressEventHandler)">
      <summary>Saves an image to a PDF file.</summary>
      <param>The stream to write the PDF into.</param>
      <param>The AtalaImage to save.</param>
      <param>The event handler used for progress events.</param>
      <returns>The number of bytes written.</returns>
    </member>
    <member name="M:Atalasoft.Imaging.Codec.Pdf.PdfEncoder.Save(System.IO.Stream,Atalasoft.Imaging.AtalaImage,Atalasoft.Imaging.Codec.Pdf.PdfCompressionType,Atalasoft.Imaging.ProgressEventHandler)">
      <summary>Creates a single page PDF file from the specified image and compression.</summary>
      <param>The stream to write the PDF file into. This stream must be seekable.</param>
      <param>The  to encode.</param>
      <param>The standard PDF compression to use on the image in the PDF.</param>
      <param>The progress delegate. Can be set to <strong>null</strong> (<strong>Nothing</strong> in Visual Basic).</param>
      <returns>The number of bytes written to the output stream.</returns>
    </member>
    <member name="M:Atalasoft.Imaging.Codec.Pdf.PdfEncoder.Save(System.IO.Stream,Atalasoft.Imaging.Codec.Pdf.PdfImage,Atalasoft.Imaging.ProgressEventHandler)">
      <summary>Creates a single or multipage page PDF file from the specified  object.</summary>
      <param>The stream to write the PDF file into. This stream must be seekable.</param>
      <param>The  to encode.</param>
      <param>The progress delegate. Can be set to <strong>null</strong> (<strong>Nothing</strong> in Visual Basic).</param>
      <returns>
        <para>The number of bytes written to the output stream.</para>
      </returns>
    </member>
    <member name="M:Atalasoft.Imaging.Codec.Pdf.PdfEncoder.Save(System.IO.Stream,Atalasoft.Imaging.ImageCollection,Atalasoft.Imaging.ProgressEventHandler)">
      <summary>Saves all of the images in an ImageCollection to a PDF file.</summary>
      <param>The stream to write the PDF into. This stream must be seekable.</param>
      <param>An ImageCollection containing all of the images to save.</param>
      <param>The progress delegate. Can be set to <strong>null</strong> (<strong>Nothing</strong> in Visual Basic).</param>
      <returns>The number of bytes written.</returns>
    </member>
    <member name="M:Atalasoft.Imaging.Codec.Pdf.PdfEncoder.Save(System.IO.Stream,Atalasoft.Imaging.Codec.Pdf.PdfImageCollection,Atalasoft.Imaging.ProgressEventHandler)">
      <summary>Saves one or more images to a PDF file.</summary>
      <param>The stream to save the PDF into. This stream must be seekable.</param>
      <param>The  containing images to save.</param>
      <param>The progress delegate. Can be set to <strong>null</strong> (<strong>Nothing</strong> in Visual Basic).</param>
      <returns>The number of bytes written.</returns>
    </member>
    <member name="M:Atalasoft.Imaging.Codec.Pdf.PdfEncoder.Save(System.IO.Stream,Atalasoft.Imaging.ImageSource,Atalasoft.Imaging.ProgressEventHandler)">
      <summary>Saves all of the images in an ImageSource to a PDF file. Only one Image of the ImageSource is in memory at any one time.</summary>
      <param>The stream to write the PDF file into. This stream must be seekable.</param>
      <param>An image source representing a set of images to be written to the PDF Document.</param>
      <param>The progress delegate. Can be set to <strong>null</strong> (<strong>Nothing</strong> in Visual Basic).</param>
      <returns>The number of bytes written to the output stream.</returns>
    </member>
    <member name="M:Atalasoft.Imaging.Codec.Pdf.PdfEncoder.ToByteArray(Atalasoft.Imaging.AtalaImage,Atalasoft.Imaging.ProgressEventHandler)">
      <summary>Saves a single image as a PDF to a byte array.</summary>
      <param>The image to save.</param>
      <param>The progress delegate. Can be set to <strong>null</strong> (<strong>Nothing</strong> in Visual Basic).</param>
    </member>
    <member name="M:Atalasoft.Imaging.Codec.Pdf.PdfEncoder.ToByteArray(Atalasoft.Imaging.ImageCollection,Atalasoft.Imaging.ProgressEventHandler)">
      <summary>Save an <strong>ImageCollection</strong> as PDF to a byte array.</summary>
      <param>The ImageCollection to save.</param>
      <param>The progress delegate. Can be set to <strong>null</strong> (<strong>Nothing</strong> in Visual Basic).</param>
    </member>
    <member name="M:Atalasoft.Imaging.Codec.Pdf.PdfEncoder.ToByteArray(Atalasoft.Imaging.Codec.Pdf.PdfImageCollection,Atalasoft.Imaging.ProgressEventHandler)">
      <summary>Saves a <strong>PdfImageCollection</strong> as PDF to a byte array.</summary>
      <param>The PdfImageCollection to save.</param>
      <param>The progress delegate. Can be set to <strong>null</strong> (<strong>Nothing</strong> in Visual Basic).</param>
    </member>
    <member name="P:Atalasoft.Imaging.Codec.Pdf.PdfEncoder.BookmarkTree">
      <summary>Gets or sets the PDF bookmark tree that will be used with this document. Default value is null (no tree).</summary>
    </member>
    <member name="P:Atalasoft.Imaging.Codec.Pdf.PdfEncoder.CreateSelfPrintingPdf">
      <summary>Gets or sets a boolean indicating if the output PDF file should be self-printing</summary>
    </member>
    <member name="P:Atalasoft.Imaging.Codec.Pdf.PdfEncoder.DocumentType">
      <summary>Specifies the type of PDF document that will be produced, including PDF-A.</summary>
    </member>
    <member name="P:Atalasoft.Imaging.Codec.Pdf.PdfEncoder.EncryptMetadata">
      <summary>Sets or gets a boolean indicating that metadata should be encrypted. Default is false.</summary>
    </member>
    <member name="P:Atalasoft.Imaging.Codec.Pdf.PdfEncoder.JpegQuality">
      <summary>Gets or sets the JPEG quality used when the image compression is set to Jpeg.</summary>
    </member>
    <member name="P:Atalasoft.Imaging.Codec.Pdf.PdfEncoder.Metadata">
      <summary>Gets or sets the metadata information used for this PDF.</summary>
    </member>
    <member name="P:Atalasoft.Imaging.Codec.Pdf.PdfEncoder.OwnerPassword">
      <summary>Sets or gets an owner password to use for the document. Default value is null (no password).</summary>
    </member>
    <member name="P:Atalasoft.Imaging.Codec.Pdf.PdfEncoder.PageBorder">
      <summary>Gets or sets the amount of border space around the image in PDF Page Units.</summary>
    </member>
    <member name="P:Atalasoft.Imaging.Codec.Pdf.PdfEncoder.PageSize">
      <summary>
        <para>Gets or sets the size of the PDF pages in PDF Page Units.</para>
        <para>PDF uses an internal resolution of 72dpi, so an 8.5 x 11 inch page would be 612 x 792 pixels.</para>
      </summary>
    </member>
    <member name="P:Atalasoft.Imaging.Codec.Pdf.PdfEncoder.Permissions">
      <summary>Sets or gets the set of allowable actions for this PDF.</summary>
    </member>
    <member name="P:Atalasoft.Imaging.Codec.Pdf.PdfEncoder.SizeMode">
      <summary>Gets or sets the page size mode for this PDF.</summary>
    </member>
    <member name="P:Atalasoft.Imaging.Codec.Pdf.PdfEncoder.SupportedPixelFormats">
      <summary>Returns an array of the legal pixel formats accepted by the PdfEncoder.</summary>
    </member>
    <member name="P:Atalasoft.Imaging.Codec.Pdf.PdfEncoder.UseAdvancedImageCompression">
      <summary>Allows the PdfEncoder to use JPEG2000 or JBIG2 image compression for color and black and white documents respectively.</summary>
    </member>
    <member name="P:Atalasoft.Imaging.Codec.Pdf.PdfEncoder.UserPassword">
      <summary>Sets or gets a user password to use for the document. Default value is null (no password).</summary>
    </member>
    <member name="P:Atalasoft.Imaging.Codec.Pdf.PdfEncoder.Xmp">
      <summary>Gets or sets a byte array containing XMP data.</summary>
    </member>
    <member name="M:Atalasoft.Imaging.Codec.Pdf.PdfImage.#ctor(Atalasoft.Imaging.AtalaImage,Atalasoft.Imaging.Codec.Pdf.PdfCompressionType)">
      <summary>Creates a new instance of PdfImage specifying image and compression.</summary>
      <param>The AtalaImage to add to the document.</param>
      <param>The PdfCompressionType to use when saving the image.</param>
    </member>
    <member name="M:Atalasoft.Imaging.Codec.Pdf.PdfImage.#ctor(System.String,System.Int32,Atalasoft.Imaging.Codec.Pdf.PdfCompressionType)">
      <summary>Creates a new instance of PdfImage specifying fileName, frameIndex and compression.</summary>
      <param>The full path and filename of an image to add to the document.</param>
      <param>The page index for multipage TIFF images. Set to -1 for all frames.</param>
      <param>The PdfCompressionType to use when saving the image.</param>
    </member>
    <member name="M:Atalasoft.Imaging.Codec.Pdf.PdfImage.#ctor(System.IO.Stream,System.Int32,Atalasoft.Imaging.Codec.Pdf.PdfCompressionType)">
      <summary>
        <para>Creates an instance of PdfImage specifying stream, frameIndex and compression.</para>
      </summary>
      <param>A stream object containing an image</param>
      <param>The frame index to use for multipage TIFF images. Setting this to -1 will save every page to the PDF.</param>
      <param>The type of compression to use on the image data.</param>
    </member>
    <member name="P:Atalasoft.Imaging.Codec.Pdf.PdfImage.Compression">
      <summary>Gets the compression used on the image data.</summary>
    </member>
    <member name="P:Atalasoft.Imaging.Codec.Pdf.PdfImage.FileName">
      <summary>Gets the filename or url for the image.</summary>
    </member>
    <member name="P:Atalasoft.Imaging.Codec.Pdf.PdfImage.Frame">
      <summary>Gets the frame of image to be saved from either a filename or a stream. -1 indicates that this image represents every image in the stream or file.</summary>
    </member>
    <member name="P:Atalasoft.Imaging.Codec.Pdf.PdfImage.Image">
      <summary>Gets the AtalaImage that will be saved to the PDF.</summary>
    </member>
    <member name="P:Atalasoft.Imaging.Codec.Pdf.PdfImage.Stream">
      <summary>Gets the stream containing an image to be saved into PDF</summary>
    </member>
    <member name="M:Atalasoft.Imaging.Codec.Pdf.PdfImageCollection.#ctor">
      <summary>Creates an instance of <strong>PdfImageCollection</strong>.</summary>
    </member>
    <member name="M:Atalasoft.Imaging.Codec.Pdf.PdfImageCollection.Add(Atalasoft.Imaging.Codec.Pdf.PdfImage)">
      <summary>Adds a  to the collection.</summary>
      <param>The  to add.</param>
    </member>
    <member name="M:Atalasoft.Imaging.Codec.Pdf.PdfImageCollection.Clear">
      <summary>Removes all objects from the  instance. This method cannot be overridden.</summary>
    </member>
    <member name="M:Atalasoft.Imaging.Codec.Pdf.PdfImageCollection.Contains(Atalasoft.Imaging.Codec.Pdf.PdfImage)">
      <summary>Returns true if a PdfImage is located in the collection.</summary>
      <param>The PdfImage to search for.</param>
      <returns>True if the PdfImage exists, otherwise false.</returns>
    </member>
    <member name="M:Atalasoft.Imaging.Codec.Pdf.PdfImageCollection.CopyTo">
      <summary>Copies the current PdfCollection into an array.</summary>
    </member>
    <member name="M:Atalasoft.Imaging.Codec.Pdf.PdfImageCollection.GetEnumerator">
      <summary>Returns an enumerator that iterates through the  instance.</summary>
      <returns>An  for the <see cref="T:System.Collections.CollectionBase" /> instance.</returns>
    </member>
    <member name="M:Atalasoft.Imaging.Codec.Pdf.PdfImageCollection.IndexOf(Atalasoft.Imaging.Codec.Pdf.PdfImage)">
      <summary>Returns the index of the specified PdfImage.</summary>
      <param>The PdfImage to search for.</param>
      <returns>Returns the zero based index of the collection, or -1 if the item doesn't exist.</returns>
    </member>
    <member name="M:Atalasoft.Imaging.Codec.Pdf.PdfImageCollection.Insert(System.Int32,Atalasoft.Imaging.Codec.Pdf.PdfImage)">
      <summary>Inserts a PdfImage into this collection at the specified index.</summary>
      <param>The index to insert into.</param>
      <param>The PdfImage to insert.</param>
    </member>
    <member name="M:Atalasoft.Imaging.Codec.Pdf.PdfImageCollection.OnClear">
      <summary>Performs additional custom processes when clearing the contents of the  instance.</summary>
    </member>
    <member name="M:Atalasoft.Imaging.Codec.Pdf.PdfImageCollection.OnClearComplete">
      <summary>Performs additional custom processes after clearing the contents of the  instance.</summary>
    </member>
    <member name="M:Atalasoft.Imaging.Codec.Pdf.PdfImageCollection.OnInsert(System.Int32,System.Object)">
      <summary>Performs additional custom processes before inserting a new element into the  instance.</summary>
      <param>The zero-based index at which to insert <paramref name="value" />.</param>
      <param>The new value of the element at <paramref name="index" />.</param>
    </member>
    <member name="M:Atalasoft.Imaging.Codec.Pdf.PdfImageCollection.OnInsertComplete(System.Int32,System.Object)">
      <summary>Performs additional custom processes after inserting a new element into the  instance.</summary>
      <param>The zero-based index at which to insert <paramref name="value" />.</param>
      <param>The new value of the element at <paramref name="index" />.</param>
    </member>
    <member name="M:Atalasoft.Imaging.Codec.Pdf.PdfImageCollection.OnRemove(System.Int32,System.Object)">
      <summary>Performs additional custom processes when removing an element from the  instance.</summary>
      <param>The zero-based index at which <paramref name="value" /> can be found.</param>
      <param>The value of the element to remove from <paramref name="index" />.</param>
    </member>
    <member name="M:Atalasoft.Imaging.Codec.Pdf.PdfImageCollection.OnRemoveComplete(System.Int32,System.Object)">
      <summary>Performs additional custom processes after removing an element from the  instance.</summary>
      <param>The zero-based index at which <paramref name="value" /> can be found.</param>
      <param>The value of the element to remove from <paramref name="index" />.</param>
    </member>
    <member name="M:Atalasoft.Imaging.Codec.Pdf.PdfImageCollection.OnSet(System.Int32,System.Object,System.Object)">
      <summary>Performs additional custom processes before setting a value in the  instance.</summary>
      <param>The zero-based index at which <paramref name="oldValue" /> can be found.</param>
      <param>The value to replace with <paramref name="newValue" />.</param>
      <param>The new value of the element at <paramref name="index" />.</param>
    </member>
    <member name="M:Atalasoft.Imaging.Codec.Pdf.PdfImageCollection.OnSetComplete(System.Int32,System.Object,System.Object)">
      <summary>Performs additional custom processes after setting a value in the  instance.</summary>
      <param>The zero-based index at which <paramref name="oldValue" /> can be found.</param>
      <param>The value to replace with <paramref name="newValue" />.</param>
      <param>The new value of the element at <paramref name="index" />.</param>
    </member>
    <member name="M:Atalasoft.Imaging.Codec.Pdf.PdfImageCollection.OnValidate(System.Object)">
      <summary>Performs additional custom processes when validating a value.</summary>
      <param>The object to validate.</param>
      <exception caption="" cref="T:System.ArgumentNullException">%value% is null.</exception>
    </member>
    <member name="M:Atalasoft.Imaging.Codec.Pdf.PdfImageCollection.Remove(Atalasoft.Imaging.Codec.Pdf.PdfImage)">
      <summary>Remove a specified PdfImage from the collection.</summary>
      <param>The PdfImage to remove.</param>
    </member>
    <member name="M:Atalasoft.Imaging.Codec.Pdf.PdfImageCollection.RemoveAt(System.Int32)">
      <summary>Removes the element at the specified index of the  instance. This method is not overridable.</summary>
      <param>The zero-based index of the element to remove.</param>
      <exception caption="" cref="T:System.ArgumentOutOfRangeException">%index% is less than zero.
                
                    -or-
                %index% is equal to or greater than %P:System.Collections.CollectionBase.Count%.</exception>
    </member>
    <member name="P:Atalasoft.Imaging.Codec.Pdf.PdfImageCollection.Capacity">
      <summary>Gets or sets the number of elements that the  can contain.</summary>
      <exception caption="" cref="T:System.ArgumentOutOfRangeException">%P:System.Collections.CollectionBase.Capacity% is set to a value that is less than %P:System.Collections.CollectionBase.Count%.</exception>
      <exception caption="" cref="T:System.OutOfMemoryException">
                    There is not enough memory available on the system.
                </exception>
      <returns>The number of elements that the  can contain.</returns>
    </member>
    <member name="P:Atalasoft.Imaging.Codec.Pdf.PdfImageCollection.Count">
      <summary>Gets the number of elements contained in the  instance. This property cannot be overridden.</summary>
      <returns>The number of elements contained in the  instance. Retrieving the value of this property is an O(1) operation.</returns>
    </member>
    <member name="P:Atalasoft.Imaging.Codec.Pdf.PdfImageCollection.InnerList">
      <summary>Gets an  containing the list of elements in the <see cref="T:System.Collections.CollectionBase" /> instance.</summary>
      <returns>An  representing the <see cref="T:System.Collections.CollectionBase" /> instance itself. Retrieving the value of this property is an O(1)
operation.</returns>
    </member>
    <member name="P:Atalasoft.Imaging.Codec.Pdf.PdfImageCollection.List">
      <summary>Gets an  containing the list of elements in the <see cref="T:System.Collections.CollectionBase" /> instance.</summary>
      <returns>An  representing the <see cref="T:System.Collections.CollectionBase" /> instance itself.</returns>
    </member>
    <member name="M:Atalasoft.Imaging.Codec.Pdf.PdfMetadata.#ctor(System.String,System.String,System.String,System.String,System.String,System.String,System.DateTime,System.DateTime)">
      <summary>Creates a new instance of PdfMetadata specifying title, author, subject, keywords, creator, producer, creationDate and modifiedDate.</summary>
      <summary>Creates a new instance of PdfMetadata.</summary>
      <param>The document's title.</param>
      <param>The author of this PDF.</param>
      <param>The subject of the document.</param>
      <param>Keywords associated with the document.</param>
      <param>The application that created the original document if the document was converted to PDF from another format.</param>
      <param>The name of the application that produced this document if the document was converted to PDF from another format.</param>
      <param>The creation date of this PDF.</param>
      <param>The date and time the document was most recently modified.</param>
    </member>
    <member name="M:Atalasoft.Imaging.Codec.Pdf.PdfMetadata.#ctor">
      <summary>Creates a new instance of PdfMetadata.</summary>
    </member>
    <member name="P:Atalasoft.Imaging.Codec.Pdf.PdfMetadata.Author">
      <summary>Gets or sets the author of this PDF.</summary>
    </member>
    <member name="P:Atalasoft.Imaging.Codec.Pdf.PdfMetadata.CreationDate">
      <summary>Gets or sets the creation date of this PDF.</summary>
    </member>
    <member name="P:Atalasoft.Imaging.Codec.Pdf.PdfMetadata.Creator">
      <summary>Gets or sets the application that created the original document if the document was converted to PDF from another format.</summary>
    </member>
    <member name="P:Atalasoft.Imaging.Codec.Pdf.PdfMetadata.Keywords">
      <summary>Gets or sets keywords associated with the document.</summary>
    </member>
    <member name="P:Atalasoft.Imaging.Codec.Pdf.PdfMetadata.ModifiedDate">
      <summary>Gets or sets the date and time the document was most recently modified.</summary>
    </member>
    <member name="P:Atalasoft.Imaging.Codec.Pdf.PdfMetadata.Producer">
      <summary>Gets or sets the name of the application that produced this document if the document was converted to PDF from another format.</summary>
    </member>
    <member name="P:Atalasoft.Imaging.Codec.Pdf.PdfMetadata.Subject">
      <summary>Gets or sets the subject of the document.</summary>
    </member>
    <member name="P:Atalasoft.Imaging.Codec.Pdf.PdfMetadata.Title">
      <summary>Gets or sets the document's title.</summary>
    </member>
  </members>
</doc>