<?xml version="1.0" standalone="yes"?>
<NewDataSet>
  <Coordinate>
    <Type>UC</Type>
    <Page>1</Page>
    <X>1924</X>
    <Y>49</Y>
    <Width>505</Width>
    <Height>663</Height>
  </Coordinate>
  <Coordinate>
    <Type>UC</Type>
    <Page>1</Page>
    <X>735</X>
    <Y>3190</Y>
    <Width>762</Width>
    <Height>125</Height>
  </Coordinate>
  <Coordinate>
    <Type>CL</Type>
    <Page>0</Page>
    <X>1838</X>
    <Y>904</Y>
    <Width>493</Width>
    <Height>587</Height>
  </Coordinate>
  <Coordinate>
    <Type>CL</Type>
    <Page>0</Page>
    <X>1656</X>
    <Y>3104</Y>
    <Width>646</Width>
    <Height>285</Height>
  </Coordinate>
  <Coordinate>
    <Type>PLCL</Type>
    <Page>0</Page>
    <X>1905</X>
    <Y>145</Y>
    <Width>529</Width>
    <Height>672</Height>
  </Coordinate>
  <Coordinate>
    <Type>PLCL</Type>
    <Page>2</Page>
    <X>669</X>
    <Y>500</Y>
    <Width>542</Width>
    <Height>154</Height>
  </Coordinate>
  <Coordinate>
    <Type>TW</Type>
    <Page>1</Page>
    <X>788</X>
    <Y>2</Y>
    <Width>662</Width>
    <Height>564</Height>
  </Coordinate>
  <Coordinate>
    <Type>TW</Type>
    <Page>1</Page>
    <X>708</X>
    <Y>1963</Y>
    <Width>491</Width>
    <Height>142</Height>
  </Coordinate>
</NewDataSet>